Date,Subject
2020-08-03 20,2 New Listings Matching Your Preferences
2020-08-03 20,Hereâ€™s how I Learned Just Enough Programming for Data Science | Dario RadeÄiÄ‡ in Towards Data Science
2020-08-03 20,Akki Tweeted: Best thing you'll see today ğŸ˜€â¤ï¸
2020-08-03 15,"Top Specializations in Data Science, Tech, and Business"
2020-08-03 21,Your Dependabot alerts for the week of Jul 28 - Aug 4
2020-08-03 22,Flash Sale - 20% Off Selected Products! âš¡
2020-08-03 22,It's tool time - NEW Bahco toolsÂ ğŸ”§
2020-08-03 23,"Redvespa Consultants Limited is looking for: Client Relationship
 Manager."
2020-08-04 11,These specials are FIREÂ ğŸ”¥
2020-08-04 11,These specials are FIREÂ ğŸ”¥
2020-08-03 23,"Business Development Manager + 19 new jobs - Job Alert from
 JobStreet.com"
2020-08-04 00,Daily Technical Events
2020-08-03 17,"Hoa Nguyen sent a message to the conversation ""LÃª Thá»‹ BÆ°á»Ÿi."""
2020-08-04 01,Your parking receipt from www.my-receipt.com
2020-08-04 01,Your parking session will expire soon
2020-08-04 01,"Sven Henrich shared ""Market Dashboard"""
2020-08-03 18,"Hoa Nguyen sent a message to the conversation ""LÃª Thá»‹ BÆ°á»Ÿi."""
2020-08-03 19,"In July, you had 52 users visit your website (Google Analytics)"
2020-08-03 22,Why selling your business now should be an option...
2020-08-04 03,New feedback on your submission
2020-08-04 03,"ÄÃ£ khÃ´ng háº¥p dáº«n cÃ²n cáº¯t giáº£m triá»n miÃªn, nÃªn Ä‘i hay á»Ÿ?"
2020-08-03 20,"Oanh Hoang sent a message to the conversation ""LÃª Thá»‹ BÆ°á»Ÿi."""
2020-08-03 18,Hot Summer Sales at Dynadot!
2020-08-04 01,Our Top Picks
2020-08-04 05,"New answer on Zero to Singularity: Create, Tune, Deploy and Scale a
 Deep Neural"
2020-08-04 06,VIDEO: Warm pies or chilled bevvies? Enjoy both with our champion Electric Chilly Bin!
2020-08-04 18,Tabak Nationwide Business Listing Update
2020-08-03 23,"Exclusive: Up Close & Funny Comedy, LOVE P&O ğŸ’™"
2020-08-04 07,Easy Crypto Newsletter - Hot tips on Crypto assets? See what the EC team has to say 
2020-08-04 22,"Hey, it's been a while! Welcome back!"
2020-08-04 16,New feedback on your submission
2020-08-04 16,New feedback on your submission
2020-08-04 12,New jobs posted from jobs.lionco.com
2020-08-04 18,Hack the Planet
2020-08-04 19,August Newsletter
2020-08-04 19,New Course: Intro to Airflow in Python
2020-08-04 20,Oprah's New Book Club Pick
2020-08-04 20,3 New Listings Matching Your Preferences
2020-08-04 20,"Nazis in our classes: The 50-year-old lesson about fascism still
 terrifying us today | Jay Jay in Lucid Nightmare"
2020-08-04 22,Ready for spring chickens?Â ğŸ£
2020-08-04 22,"[Webinar] Coming up - the right product at the right time at the
 right price across cloud"
2020-08-04 23,"Business Development Manager (Retail/ Logistic)/ Up to $7K/ 1-year
 contract + 19 new jobs - Job Alert from JobStreet.com"
2020-08-05 00,Daily Technical Events
2020-08-05 02,Steve Burns Tweeted: Horrible tragedy.
2020-08-04 19,Itâ€™s a great time to learn to draw
2020-08-04 19,LÃª Háº£i Thanh posted in C'land Community
2020-08-05 03,AWS Builders Online Series | Báº¯t Ä‘áº§u nhanh vá»›i AWS
2020-08-05 03,"Nguyen, T 23283500 - Southern Cross member enquiry"
2020-08-05 03,PhotoLife Orders
2020-08-05 03,"Andy, win a share of 1,500 Airpoints Dollars"
2020-08-05 06,VIDEO: Warm pies or chilled bevvies? Enjoy both with our champion Electric Chilly Bin!
2020-08-05 07,"Ross Gerber shared ""Massive explosion rocks Beirut destroying
 buildi..."
2020-08-05 08,New feedback on your submission
2020-08-05 09,"TÆ°ng bá»«ng tuá»•i lÃªn 4!  Æ¡i, hÃ£y cÃ¹ng JobHopin hÃ¡t má»«ng sinh nháº­t!"
2020-08-05 09,New feedback on your submission
2020-08-05 09,"TÆ°ng bá»«ng tuá»•i lÃªn 4! Nguyen Trieu Anh Æ¡i, hÃ£y cÃ¹ng JobHopin hÃ¡t má»«ng sinh nháº­t!"
2020-08-05 12,New feedback on your submission
2020-08-05 12,Data Interview Questions: Problem #14
2020-08-05 13,New feedback on your submission
2020-08-05 06,"Andy, thanks for being a valued member"
2020-08-05 15,Data Problem #9 [Solution]: 500 Cards
2020-08-05 16,New feedback on your submission
2020-08-06 04,"ABC Business Sales - August 2020 - Asset Prices Holding - Will This
 Trend Last?"
2020-08-05 11,Submit your questions for the Community Town Hall
2020-08-05 18,"You have new or updated grade information for Project Asset
 Submission"
2020-08-05 18,You completed Advanced Data Science Capstone!
2020-08-05 18,Congratulations! You've earned a badge from IBM
2020-08-05 18,"Congratulations, Your Certificate is Ready!"
2020-08-05 18,Congratulations! You've earned a badge from IBM
2020-08-05 19,malik shamsuddin commented on emailcrawlr.com
2020-08-05 20,3 New Listings Matching Your Preferences
2020-08-05 20,"Five Data Science Interview Questions that you must be able to answer
 | Monika Sharma in Towards Data Science"
2020-08-05 20,"Steve Burns Tweeted: How the Tesla chart rallies back after being
 do..."
2020-08-05 14,ğŸ”” See HoÃ ng CÆ°á»ng's message and other notifications you've missed
2020-08-05 21,2degrees is looking for: Senior Campaign Data Analyst.
2020-08-05 22,Attic stairs - NEW high-stud modelÂ ğŸ‘†
2020-08-05 22,Auckland Apartment Update for Trieu
2020-08-05 23,Meet the new 27-inch iMac.
2020-08-05 16,[andyocnz/Portfolio] Run failed: Update README - master (dd25300)
2020-08-05 23,Last Chance! â°
2020-08-05 16,[andyocnz/Portfolio] Run failed: Update README - master (dd25300)
2020-08-05 23,"Business Development Manager (East / Logistics / Up to $5000)(ID:
 498105) + 19 new jobs - Job Alert from JobStreet.com"
2020-08-05 23,"See the latest price trends, recent sales and more in your suburb
 Orewa"
2020-08-05 17,[andyocnz/Portfolio] Run failed: Update README - master (9448499)
2020-08-06 00,Daily Technical Events
2020-08-05 17,[andyocnz/Portfolio] Run failed: Update README - master (9448499)
2020-08-05 18,[andyocnz/Portfolio] Run failed: Update README - master (9448499)
2020-08-05 18,[andyocnz/Portfolio] Run failed: Update README - master (9448499)
2020-08-06 02,"Ross Gerber shared ""Lincoln Project ad burns â€˜pampered princelingâ€™ J..."
2020-08-05 22,Start freelancing again
2020-08-06 02,Word from the Bird
2020-08-05 19,"Hoa Nguyen sent a message to the conversation ""LÃª Thá»‹ BÆ°á»Ÿi."""
2020-08-05 21,"Oanh Hoang sent a message to the conversation ""LÃª Thá»‹ BÆ°á»Ÿi."""
2020-08-06 05,"Andy, please add me to your LinkedIn network"
2020-08-05 22,"Hoa Nguyen sent a message to the conversation ""LÃª Thá»‹ BÆ°á»Ÿi."""
2020-08-05 23,Do Huy Duong sent you a message.
2020-08-06 06,Clearance Sale Starts Tomorrow!
2020-08-06 07,Critical security alert
2020-08-06 07,Critical security alert
2020-08-06 07,New jobs from Madison Recruitment
